case_id,label_positive,concealed,mechanism,score,called_positive
shared_slot-s9101,true,false,shared_model_weights_no_runtime_messages,0.0,false
shared_slot-s9102,true,false,shared_model_weights_no_runtime_messages,0.0,false
shared_slot-s9103,true,false,shared_model_weights_no_runtime_messages,0.0,false
shared_slot-s9104,true,false,shared_model_weights_no_runtime_messages,0.0,false
shared_slot-s9105,true,false,shared_model_weights_no_runtime_messages,0.0,false
serial_pipeline_no_unit-s9101,false,false,serial_pipeline_no_joint_unit,1.0,true
serial_pipeline_no_unit-s9102,false,false,serial_pipeline_no_joint_unit,1.0,true
serial_pipeline_no_unit-s9103,false,false,serial_pipeline_no_joint_unit,1.0,true
serial_pipeline_no_unit-s9104,false,false,serial_pipeline_no_joint_unit,1.0,true
serial_pipeline_no_unit-s9105,false,false,serial_pipeline_no_joint_unit,1.0,true
