unit_id,families,freeze_complete,components_listed,components_named,certificate,certificate_correct,adversarial_subset
sys-000,distributed-controller,true,5,5,complete,false,true
sys-001,shared-resources,true,5,5,complete,false,false
sys-002,external-persistent-state,true,5,5,complete,true,false
sys-003,composed-controller,true,5,5,complete,true,false
sys-004,correlation-not-control,true,5,5,complete,true,false
sys-005,distributed-controller,true,5,5,complete,true,true
sys-006,shared-resources,true,5,5,complete,true,false
sys-007,external-persistent-state,true,5,5,complete,true,false
sys-008,composed-controller,true,5,5,complete,true,false
sys-009,correlation-not-control,true,5,5,complete,true,false
sys-010,distributed-controller,true,5,5,complete,true,true
sys-011,shared-resources,true,5,5,complete,true,false
sys-012,external-persistent-state,true,5,5,complete,true,false
sys-013,composed-controller,true,5,5,complete,true,false
sys-014,correlation-not-control,true,5,5,complete,true,false
sys-015,distributed-controller,true,5,5,complete,true,true
sys-016,shared-resources,true,5,5,complete,true,false
sys-017,external-persistent-state,true,5,5,complete,true,false
sys-018,composed-controller,true,5,3,complete,true,false
sys-019,correlation-not-control,true,5,3,complete,true,false
sys-020,distributed-controller,true,5,3,complete,true,true
sys-021,shared-resources,true,5,3,complete,true,false
sys-022,external-persistent-state,true,5,3,complete,true,false
sys-023,composed-controller,true,5,3,complete,true,false
sys-024,correlation-not-control,true,5,3,complete,true,false
sys-025,distributed-controller,true,5,3,complete,true,true
sys-026,shared-resources,true,5,3,complete,true,false
sys-027,external-persistent-state,true,5,3,complete,true,false
sys-028,composed-controller,true,5,3,complete,true,false
sys-029,correlation-not-control,true,5,3,complete,true,false
sys-030,distributed-controller,true,5,3,complete,true,true
sys-031,shared-resources,true,5,3,complete,true,false
sys-032,external-persistent-state,true,5,3,complete,true,false
sys-033,composed-controller,true,5,3,complete,true,false
sys-034,correlation-not-control,true,5,3,complete,true,false
sys-035,distributed-controller,true,5,3,complete,true,true
sys-036,shared-resources,true,5,3,complete,true,false
sys-037,external-persistent-state,true,5,3,complete,true,false
sys-038,composed-controller,true,5,3,complete,true,false
sys-039,correlation-not-control,true,5,3,complete,true,false
sys-040,distributed-controller,true,5,3,partial,,true
sys-041,shared-resources,true,5,3,partial,,false
sys-042,external-persistent-state,true,5,3,partial,,false
sys-043,composed-controller,true,5,3,partial,,false
sys-044,correlation-not-control,true,5,3,partial,,false
sys-045,distributed-controller,true,5,3,partial,,true
sys-046,shared-resources,true,5,3,partial,,false
sys-047,external-persistent-state,true,5,3,partial,,false
sys-048,composed-controller,true,5,3,partial,,false
sys-049,correlation-not-control,true,5,3,partial,,false
sys-050,distributed-controller,true,5,3,abstain,,true
sys-051,shared-resources,true,5,3,abstain,,false
sys-052,external-persistent-state,true,5,3,abstain,,false
sys-053,composed-controller,true,5,3,abstain,,false
sys-054,correlation-not-control,true,5,3,abstain,,false
sys-055,distributed-controller,true,5,3,abstain,,true
sys-056,shared-resources,true,5,3,abstain,,false
sys-057,external-persistent-state,true,5,3,abstain,,false
sys-058,composed-controller,true,5,3,abstain,,false
sys-059,correlation-not-control,true,5,3,abstain,,false
sys-900,other,false,,,,,false
sys-901,other,false,,,,,false
