system_id,families,components,response_statistic,min_change,no_effect_low,no_effect_high,adversarial_subset,components_named,certificate,certificate_correct,method_output
sys-000,distributed-controller,sys-000-c1;sys-000-c2;sys-000-c3;sys-000-c4;sys-000-c5,success rate on 20 frozen probe tasks,0.1,-0.02,0.02,true,sys-000-c1;sys-000-c2;sys-000-c3;sys-000-c4;sys-000-c5;sys-000-not-listed,complete,false,cut: sys-000-c1;sys-000-c2;sys-000-c3;sys-000-c4;sys-000-c5;sys-000-not-listed
sys-001,shared-resources,sys-001-c1;sys-001-c2;sys-001-c3;sys-001-c4;sys-001-c5,success rate on 20 frozen probe tasks,0.1,-0.02,0.02,false,sys-001-c1;sys-001-c2;sys-001-c3;sys-001-c4;sys-001-c5;sys-001-not-listed,complete,false,cut: sys-001-c1;sys-001-c2;sys-001-c3;sys-001-c4;sys-001-c5;sys-001-not-listed
sys-002,external-persistent-state,sys-002-c1;sys-002-c2;sys-002-c3;sys-002-c4;sys-002-c5,success rate on 20 frozen probe tasks,0.1,-0.02,0.02,false,sys-002-c1;sys-002-c2;sys-002-c3;sys-002-c4;sys-002-c5;sys-002-not-listed,complete,true,cut: sys-002-c1;sys-002-c2;sys-002-c3;sys-002-c4;sys-002-c5;sys-002-not-listed
sys-003,composed-controller,sys-003-c1;sys-003-c2;sys-003-c3;sys-003-c4;sys-003-c5,success rate on 20 frozen probe tasks,0.1,-0.02,0.02,false,sys-003-c1;sys-003-c2;sys-003-c3;sys-003-c4;sys-003-c5;sys-003-not-listed,complete,true,cut: sys-003-c1;sys-003-c2;sys-003-c3;sys-003-c4;sys-003-c5;sys-003-not-listed
sys-004,correlation-not-control,sys-004-c1;sys-004-c2;sys-004-c3;sys-004-c4;sys-004-c5,success rate on 20 frozen probe tasks,0.1,-0.02,0.02,false,sys-004-c1;sys-004-c2;sys-004-c3;sys-004-c4;sys-004-c5;sys-004-not-listed,complete,true,cut: sys-004-c1;sys-004-c2;sys-004-c3;sys-004-c4;sys-004-c5;sys-004-not-listed
sys-005,distributed-controller,sys-005-c1;sys-005-c2;sys-005-c3;sys-005-c4;sys-005-c5,success rate on 20 frozen probe tasks,0.1,-0.02,0.02,true,sys-005-c1;sys-005-c2;sys-005-c3;sys-005-c4;sys-005-c5;sys-005-not-listed,complete,true,cut: sys-005-c1;sys-005-c2;sys-005-c3;sys-005-c4;sys-005-c5;sys-005-not-listed
sys-006,shared-resources,sys-006-c1;sys-006-c2;sys-006-c3;sys-006-c4;sys-006-c5,success rate on 20 frozen probe tasks,0.1,-0.02,0.02,false,sys-006-c1;sys-006-c2;sys-006-c3;sys-006-c4;sys-006-c5;sys-006-not-listed,complete,true,cut: sys-006-c1;sys-006-c2;sys-006-c3;sys-006-c4;sys-006-c5;sys-006-not-listed
sys-007,external-persistent-state,sys-007-c1;sys-007-c2;sys-007-c3;sys-007-c4;sys-007-c5,success rate on 20 frozen probe tasks,0.1,-0.02,0.02,false,sys-007-c1;sys-007-c2;sys-007-c3;sys-007-c4;sys-007-c5;sys-007-not-listed,complete,true,cut: sys-007-c1;sys-007-c2;sys-007-c3;sys-007-c4;sys-007-c5;sys-007-not-listed
sys-008,composed-controller,sys-008-c1;sys-008-c2;sys-008-c3;sys-008-c4;sys-008-c5,success rate on 20 frozen probe tasks,0.1,-0.02,0.02,false,sys-008-c1;sys-008-c2;sys-008-c3;sys-008-c4;sys-008-c5;sys-008-not-listed,complete,true,cut: sys-008-c1;sys-008-c2;sys-008-c3;sys-008-c4;sys-008-c5;sys-008-not-listed
sys-009,correlation-not-control,sys-009-c1;sys-009-c2;sys-009-c3;sys-009-c4;sys-009-c5,success rate on 20 frozen probe tasks,0.1,-0.02,0.02,false,sys-009-c1;sys-009-c2;sys-009-c3;sys-009-c4;sys-009-c5;sys-009-not-listed,complete,true,cut: sys-009-c1;sys-009-c2;sys-009-c3;sys-009-c4;sys-009-c5;sys-009-not-listed
sys-010,distributed-controller,sys-010-c1;sys-010-c2;sys-010-c3;sys-010-c4;sys-010-c5,success rate on 20 frozen probe tasks,0.1,-0.02,0.02,true,sys-010-c1;sys-010-c2;sys-010-c3;sys-010-c4;sys-010-c5;sys-010-not-listed,complete,true,cut: sys-010-c1;sys-010-c2;sys-010-c3;sys-010-c4;sys-010-c5;sys-010-not-listed
sys-011,shared-resources,sys-011-c1;sys-011-c2;sys-011-c3;sys-011-c4;sys-011-c5,success rate on 20 frozen probe tasks,0.1,-0.02,0.02,false,sys-011-c1;sys-011-c2;sys-011-c3;sys-011-c4;sys-011-c5;sys-011-not-listed,complete,true,cut: sys-011-c1;sys-011-c2;sys-011-c3;sys-011-c4;sys-011-c5;sys-011-not-listed
sys-012,external-persistent-state,sys-012-c1;sys-012-c2;sys-012-c3;sys-012-c4;sys-012-c5,success rate on 20 frozen probe tasks,0.1,-0.02,0.02,false,sys-012-c1;sys-012-c2;sys-012-c3;sys-012-c4;sys-012-c5;sys-012-not-listed,complete,true,cut: sys-012-c1;sys-012-c2;sys-012-c3;sys-012-c4;sys-012-c5;sys-012-not-listed
sys-013,composed-controller,sys-013-c1;sys-013-c2;sys-013-c3;sys-013-c4;sys-013-c5,success rate on 20 frozen probe tasks,0.1,-0.02,0.02,false,sys-013-c1;sys-013-c2;sys-013-c3;sys-013-c4;sys-013-c5;sys-013-not-listed,complete,true,cut: sys-013-c1;sys-013-c2;sys-013-c3;sys-013-c4;sys-013-c5;sys-013-not-listed
sys-014,correlation-not-control,sys-014-c1;sys-014-c2;sys-014-c3;sys-014-c4;sys-014-c5,success rate on 20 frozen probe tasks,0.1,-0.02,0.02,false,sys-014-c1;sys-014-c2;sys-014-c3;sys-014-c4;sys-014-c5;sys-014-not-listed,complete,true,cut: sys-014-c1;sys-014-c2;sys-014-c3;sys-014-c4;sys-014-c5;sys-014-not-listed
sys-015,distributed-controller,sys-015-c1;sys-015-c2;sys-015-c3;sys-015-c4;sys-015-c5,success rate on 20 frozen probe tasks,0.1,-0.02,0.02,true,sys-015-c1;sys-015-c2;sys-015-c3;sys-015-c4;sys-015-c5;sys-015-not-listed,complete,true,cut: sys-015-c1;sys-015-c2;sys-015-c3;sys-015-c4;sys-015-c5;sys-015-not-listed
sys-016,shared-resources,sys-016-c1;sys-016-c2;sys-016-c3;sys-016-c4;sys-016-c5,success rate on 20 frozen probe tasks,0.1,-0.02,0.02,false,sys-016-c1;sys-016-c2;sys-016-c3;sys-016-c4;sys-016-c5;sys-016-not-listed,complete,true,cut: sys-016-c1;sys-016-c2;sys-016-c3;sys-016-c4;sys-016-c5;sys-016-not-listed
sys-017,external-persistent-state,sys-017-c1;sys-017-c2;sys-017-c3;sys-017-c4;sys-017-c5,success rate on 20 frozen probe tasks,0.1,-0.02,0.02,false,sys-017-c1;sys-017-c2;sys-017-c3;sys-017-c4;sys-017-c5;sys-017-not-listed,complete,true,cut: sys-017-c1;sys-017-c2;sys-017-c3;sys-017-c4;sys-017-c5;sys-017-not-listed
sys-018,composed-controller,sys-018-c1;sys-018-c2;sys-018-c3;sys-018-c4;sys-018-c5,success rate on 20 frozen probe tasks,0.1,-0.02,0.02,false,sys-018-c1;sys-018-c2;sys-018-c3;sys-018-c4;sys-018-c5;sys-018-not-listed,complete,true,cut: sys-018-c1;sys-018-c2;sys-018-c3;sys-018-c4;sys-018-c5;sys-018-not-listed
sys-019,correlation-not-control,sys-019-c1;sys-019-c2;sys-019-c3;sys-019-c4;sys-019-c5,success rate on 20 frozen probe tasks,0.1,-0.02,0.02,false,sys-019-c1;sys-019-c2;sys-019-c3;sys-019-c4;sys-019-c5;sys-019-not-listed,complete,true,cut: sys-019-c1;sys-019-c2;sys-019-c3;sys-019-c4;sys-019-c5;sys-019-not-listed
sys-020,distributed-controller,sys-020-c1;sys-020-c2;sys-020-c3;sys-020-c4;sys-020-c5,success rate on 20 frozen probe tasks,0.1,-0.02,0.02,true,sys-020-c1;sys-020-c2;sys-020-c3;sys-020-c4;sys-020-c5;sys-020-not-listed,complete,true,cut: sys-020-c1;sys-020-c2;sys-020-c3;sys-020-c4;sys-020-c5;sys-020-not-listed
sys-021,shared-resources,sys-021-c1;sys-021-c2;sys-021-c3;sys-021-c4;sys-021-c5,success rate on 20 frozen probe tasks,0.1,-0.02,0.02,false,sys-021-c1;sys-021-c2;sys-021-c3;sys-021-c4;sys-021-c5;sys-021-not-listed,complete,true,cut: sys-021-c1;sys-021-c2;sys-021-c3;sys-021-c4;sys-021-c5;sys-021-not-listed
sys-022,external-persistent-state,sys-022-c1;sys-022-c2;sys-022-c3;sys-022-c4;sys-022-c5,success rate on 20 frozen probe tasks,0.1,-0.02,0.02,false,sys-022-c1;sys-022-c2;sys-022-c3;sys-022-c4;sys-022-c5;sys-022-not-listed,complete,true,cut: sys-022-c1;sys-022-c2;sys-022-c3;sys-022-c4;sys-022-c5;sys-022-not-listed
sys-023,composed-controller,sys-023-c1;sys-023-c2;sys-023-c3;sys-023-c4;sys-023-c5,success rate on 20 frozen probe tasks,0.1,-0.02,0.02,false,sys-023-c1;sys-023-c2;sys-023-c3;sys-023-c4;sys-023-c5;sys-023-not-listed,complete,true,cut: sys-023-c1;sys-023-c2;sys-023-c3;sys-023-c4;sys-023-c5;sys-023-not-listed
sys-024,correlation-not-control,sys-024-c1;sys-024-c2;sys-024-c3;sys-024-c4;sys-024-c5,success rate on 20 frozen probe tasks,0.1,-0.02,0.02,false,sys-024-c1;sys-024-c2;sys-024-c3;sys-024-c4;sys-024-c5;sys-024-not-listed,complete,true,cut: sys-024-c1;sys-024-c2;sys-024-c3;sys-024-c4;sys-024-c5;sys-024-not-listed
sys-025,distributed-controller,sys-025-c1;sys-025-c2;sys-025-c3;sys-025-c4;sys-025-c5,success rate on 20 frozen probe tasks,0.1,-0.02,0.02,true,sys-025-c1;sys-025-c2;sys-025-c3;sys-025-c4;sys-025-c5;sys-025-not-listed,complete,true,cut: sys-025-c1;sys-025-c2;sys-025-c3;sys-025-c4;sys-025-c5;sys-025-not-listed
sys-026,shared-resources,sys-026-c1;sys-026-c2;sys-026-c3;sys-026-c4;sys-026-c5,success rate on 20 frozen probe tasks,0.1,-0.02,0.02,false,sys-026-c1;sys-026-c2;sys-026-c3;sys-026-c4;sys-026-c5;sys-026-not-listed,complete,true,cut: sys-026-c1;sys-026-c2;sys-026-c3;sys-026-c4;sys-026-c5;sys-026-not-listed
sys-027,external-persistent-state,sys-027-c1;sys-027-c2;sys-027-c3;sys-027-c4;sys-027-c5,success rate on 20 frozen probe tasks,0.1,-0.02,0.02,false,sys-027-c1;sys-027-c2;sys-027-c3;sys-027-c4;sys-027-c5;sys-027-not-listed,complete,true,cut: sys-027-c1;sys-027-c2;sys-027-c3;sys-027-c4;sys-027-c5;sys-027-not-listed
sys-028,composed-controller,sys-028-c1;sys-028-c2;sys-028-c3;sys-028-c4;sys-028-c5,success rate on 20 frozen probe tasks,0.1,-0.02,0.02,false,sys-028-c1;sys-028-c2;sys-028-c3;sys-028-c4;sys-028-c5;sys-028-not-listed,complete,true,cut: sys-028-c1;sys-028-c2;sys-028-c3;sys-028-c4;sys-028-c5;sys-028-not-listed
sys-029,correlation-not-control,sys-029-c1;sys-029-c2;sys-029-c3;sys-029-c4;sys-029-c5,success rate on 20 frozen probe tasks,0.1,-0.02,0.02,false,sys-029-c1;sys-029-c2;sys-029-c3;sys-029-c4;sys-029-c5;sys-029-not-listed,complete,true,cut: sys-029-c1;sys-029-c2;sys-029-c3;sys-029-c4;sys-029-c5;sys-029-not-listed
sys-030,distributed-controller,sys-030-c1;sys-030-c2;sys-030-c3;sys-030-c4;sys-030-c5,success rate on 20 frozen probe tasks,0.1,-0.02,0.02,true,sys-030-c1;sys-030-c2;sys-030-c3;sys-030-c4;sys-030-c5;sys-030-not-listed,complete,true,cut: sys-030-c1;sys-030-c2;sys-030-c3;sys-030-c4;sys-030-c5;sys-030-not-listed
sys-031,shared-resources,sys-031-c1;sys-031-c2;sys-031-c3;sys-031-c4;sys-031-c5,success rate on 20 frozen probe tasks,0.1,-0.02,0.02,false,sys-031-c1;sys-031-c2;sys-031-c3;sys-031-c4;sys-031-c5;sys-031-not-listed,complete,true,cut: sys-031-c1;sys-031-c2;sys-031-c3;sys-031-c4;sys-031-c5;sys-031-not-listed
sys-032,external-persistent-state,sys-032-c1;sys-032-c2;sys-032-c3;sys-032-c4;sys-032-c5,success rate on 20 frozen probe tasks,0.1,-0.02,0.02,false,sys-032-c1;sys-032-c2;sys-032-c3;sys-032-c4;sys-032-c5;sys-032-not-listed,complete,true,cut: sys-032-c1;sys-032-c2;sys-032-c3;sys-032-c4;sys-032-c5;sys-032-not-listed
sys-033,composed-controller,sys-033-c1;sys-033-c2;sys-033-c3;sys-033-c4;sys-033-c5,success rate on 20 frozen probe tasks,0.1,-0.02,0.02,false,sys-033-c1;sys-033-c2;sys-033-c3;sys-033-c4;sys-033-c5;sys-033-not-listed,complete,true,cut: sys-033-c1;sys-033-c2;sys-033-c3;sys-033-c4;sys-033-c5;sys-033-not-listed
sys-034,correlation-not-control,sys-034-c1;sys-034-c2;sys-034-c3;sys-034-c4;sys-034-c5,success rate on 20 frozen probe tasks,0.1,-0.02,0.02,false,sys-034-c1;sys-034-c2;sys-034-c3;sys-034-c4;sys-034-c5;sys-034-not-listed,complete,true,cut: sys-034-c1;sys-034-c2;sys-034-c3;sys-034-c4;sys-034-c5;sys-034-not-listed
sys-035,distributed-controller,sys-035-c1;sys-035-c2;sys-035-c3;sys-035-c4;sys-035-c5,success rate on 20 frozen probe tasks,0.1,-0.02,0.02,true,sys-035-c1;sys-035-c2;sys-035-c3;sys-035-c4;sys-035-c5;sys-035-not-listed,complete,true,cut: sys-035-c1;sys-035-c2;sys-035-c3;sys-035-c4;sys-035-c5;sys-035-not-listed
sys-036,shared-resources,sys-036-c1;sys-036-c2;sys-036-c3;sys-036-c4;sys-036-c5,success rate on 20 frozen probe tasks,0.1,-0.02,0.02,false,sys-036-c1;sys-036-c2;sys-036-c3;sys-036-c4;sys-036-c5;sys-036-not-listed,complete,true,cut: sys-036-c1;sys-036-c2;sys-036-c3;sys-036-c4;sys-036-c5;sys-036-not-listed
sys-037,external-persistent-state,sys-037-c1;sys-037-c2;sys-037-c3;sys-037-c4;sys-037-c5,success rate on 20 frozen probe tasks,0.1,-0.02,0.02,false,sys-037-c1;sys-037-c2;sys-037-c3;sys-037-c4;sys-037-c5;sys-037-not-listed,complete,true,cut: sys-037-c1;sys-037-c2;sys-037-c3;sys-037-c4;sys-037-c5;sys-037-not-listed
sys-038,composed-controller,sys-038-c1;sys-038-c2;sys-038-c3;sys-038-c4;sys-038-c5,success rate on 20 frozen probe tasks,0.1,-0.02,0.02,false,sys-038-c1;sys-038-c2;sys-038-c3;sys-038-c4;sys-038-c5;sys-038-not-listed,complete,true,cut: sys-038-c1;sys-038-c2;sys-038-c3;sys-038-c4;sys-038-c5;sys-038-not-listed
sys-039,correlation-not-control,sys-039-c1;sys-039-c2;sys-039-c3;sys-039-c4;sys-039-c5,success rate on 20 frozen probe tasks,0.1,-0.02,0.02,false,sys-039-c1;sys-039-c2;sys-039-c3;sys-039-c4;sys-039-c5;sys-039-not-listed,complete,true,cut: sys-039-c1;sys-039-c2;sys-039-c3;sys-039-c4;sys-039-c5;sys-039-not-listed
sys-040,distributed-controller,sys-040-c1;sys-040-c2;sys-040-c3;sys-040-c4;sys-040-c5,success rate on 20 frozen probe tasks,0.1,-0.02,0.02,true,sys-040-c1;sys-040-c2;sys-040-c3;sys-040-c4;sys-040-c5;sys-040-not-listed,partial,,cut: sys-040-c1;sys-040-c2;sys-040-c3;sys-040-c4;sys-040-c5;sys-040-not-listed
sys-041,shared-resources,sys-041-c1;sys-041-c2;sys-041-c3;sys-041-c4;sys-041-c5,success rate on 20 frozen probe tasks,0.1,-0.02,0.02,false,sys-041-c1;sys-041-c2;sys-041-c3;sys-041-c4;sys-041-c5;sys-041-not-listed,partial,,cut: sys-041-c1;sys-041-c2;sys-041-c3;sys-041-c4;sys-041-c5;sys-041-not-listed
sys-042,external-persistent-state,sys-042-c1;sys-042-c2;sys-042-c3;sys-042-c4;sys-042-c5,success rate on 20 frozen probe tasks,0.1,-0.02,0.02,false,sys-042-c1;sys-042-c2;sys-042-c3;sys-042-c4;sys-042-c5;sys-042-not-listed,partial,,cut: sys-042-c1;sys-042-c2;sys-042-c3;sys-042-c4;sys-042-c5;sys-042-not-listed
sys-043,composed-controller,sys-043-c1;sys-043-c2;sys-043-c3;sys-043-c4;sys-043-c5,success rate on 20 frozen probe tasks,0.1,-0.02,0.02,false,sys-043-c1;sys-043-c2;sys-043-c3;sys-043-c4;sys-043-c5;sys-043-not-listed,partial,,cut: sys-043-c1;sys-043-c2;sys-043-c3;sys-043-c4;sys-043-c5;sys-043-not-listed
sys-044,correlation-not-control,sys-044-c1;sys-044-c2;sys-044-c3;sys-044-c4;sys-044-c5,success rate on 20 frozen probe tasks,0.1,-0.02,0.02,false,sys-044-c1;sys-044-c2;sys-044-c3;sys-044-c4;sys-044-c5;sys-044-not-listed,partial,,cut: sys-044-c1;sys-044-c2;sys-044-c3;sys-044-c4;sys-044-c5;sys-044-not-listed
sys-045,distributed-controller,sys-045-c1;sys-045-c2;sys-045-c3;sys-045-c4;sys-045-c5,success rate on 20 frozen probe tasks,0.1,-0.02,0.02,true,sys-045-c1;sys-045-c2;sys-045-c3;sys-045-c4;sys-045-c5;sys-045-not-listed,partial,,cut: sys-045-c1;sys-045-c2;sys-045-c3;sys-045-c4;sys-045-c5;sys-045-not-listed
sys-046,shared-resources,sys-046-c1;sys-046-c2;sys-046-c3;sys-046-c4;sys-046-c5,success rate on 20 frozen probe tasks,0.1,-0.02,0.02,false,sys-046-c1;sys-046-c2;sys-046-c3;sys-046-c4;sys-046-c5;sys-046-not-listed,partial,,cut: sys-046-c1;sys-046-c2;sys-046-c3;sys-046-c4;sys-046-c5;sys-046-not-listed
sys-047,external-persistent-state,sys-047-c1;sys-047-c2;sys-047-c3;sys-047-c4;sys-047-c5,success rate on 20 frozen probe tasks,0.1,-0.02,0.02,false,sys-047-c1;sys-047-c2;sys-047-c3;sys-047-c4;sys-047-c5;sys-047-not-listed,partial,,cut: sys-047-c1;sys-047-c2;sys-047-c3;sys-047-c4;sys-047-c5;sys-047-not-listed
sys-048,composed-controller,sys-048-c1;sys-048-c2;sys-048-c3;sys-048-c4;sys-048-c5,success rate on 20 frozen probe tasks,0.1,-0.02,0.02,false,sys-048-c1;sys-048-c2;sys-048-c3;sys-048-c4;sys-048-c5;sys-048-not-listed,partial,,cut: sys-048-c1;sys-048-c2;sys-048-c3;sys-048-c4;sys-048-c5;sys-048-not-listed
sys-049,correlation-not-control,sys-049-c1;sys-049-c2;sys-049-c3;sys-049-c4;sys-049-c5,success rate on 20 frozen probe tasks,0.1,-0.02,0.02,false,sys-049-c1;sys-049-c2;sys-049-c3;sys-049-c4;sys-049-c5;sys-049-not-listed,partial,,cut: sys-049-c1;sys-049-c2;sys-049-c3;sys-049-c4;sys-049-c5;sys-049-not-listed
sys-050,distributed-controller,sys-050-c1;sys-050-c2;sys-050-c3;sys-050-c4;sys-050-c5,success rate on 20 frozen probe tasks,0.1,-0.02,0.02,true,sys-050-c1;sys-050-c2;sys-050-c3;sys-050-c4;sys-050-c5;sys-050-not-listed,abstain,,cut: sys-050-c1;sys-050-c2;sys-050-c3;sys-050-c4;sys-050-c5;sys-050-not-listed
sys-051,shared-resources,sys-051-c1;sys-051-c2;sys-051-c3;sys-051-c4;sys-051-c5,success rate on 20 frozen probe tasks,0.1,-0.02,0.02,false,sys-051-c1;sys-051-c2;sys-051-c3;sys-051-c4;sys-051-c5;sys-051-not-listed,abstain,,cut: sys-051-c1;sys-051-c2;sys-051-c3;sys-051-c4;sys-051-c5;sys-051-not-listed
sys-052,external-persistent-state,sys-052-c1;sys-052-c2;sys-052-c3;sys-052-c4;sys-052-c5,success rate on 20 frozen probe tasks,0.1,-0.02,0.02,false,sys-052-c1;sys-052-c2;sys-052-not-listed,abstain,,cut: sys-052-c1;sys-052-c2;sys-052-not-listed
sys-053,composed-controller,sys-053-c1;sys-053-c2;sys-053-c3;sys-053-c4;sys-053-c5,success rate on 20 frozen probe tasks,0.1,-0.02,0.02,false,sys-053-c1;sys-053-c2;sys-053-not-listed,abstain,,cut: sys-053-c1;sys-053-c2;sys-053-not-listed
sys-054,correlation-not-control,sys-054-c1;sys-054-c2;sys-054-c3;sys-054-c4;sys-054-c5,success rate on 20 frozen probe tasks,0.1,-0.02,0.02,false,sys-054-c1;sys-054-c2;sys-054-not-listed,abstain,,cut: sys-054-c1;sys-054-c2;sys-054-not-listed
sys-055,distributed-controller,sys-055-c1;sys-055-c2;sys-055-c3;sys-055-c4;sys-055-c5,success rate on 20 frozen probe tasks,0.1,-0.02,0.02,true,sys-055-c1;sys-055-c2;sys-055-not-listed,abstain,,cut: sys-055-c1;sys-055-c2;sys-055-not-listed
sys-056,shared-resources,sys-056-c1;sys-056-c2;sys-056-c3;sys-056-c4;sys-056-c5,success rate on 20 frozen probe tasks,0.1,-0.02,0.02,false,sys-056-c1;sys-056-c2;sys-056-not-listed,abstain,,cut: sys-056-c1;sys-056-c2;sys-056-not-listed
sys-057,external-persistent-state,sys-057-c1;sys-057-c2;sys-057-c3;sys-057-c4;sys-057-c5,success rate on 20 frozen probe tasks,0.1,-0.02,0.02,false,sys-057-c1;sys-057-c2;sys-057-not-listed,abstain,,cut: sys-057-c1;sys-057-c2;sys-057-not-listed
sys-058,composed-controller,sys-058-c1;sys-058-c2;sys-058-c3;sys-058-c4;sys-058-c5,success rate on 20 frozen probe tasks,0.1,-0.02,0.02,false,sys-058-c1;sys-058-c2;sys-058-not-listed,abstain,,cut: sys-058-c1;sys-058-c2;sys-058-not-listed
sys-059,correlation-not-control,sys-059-c1;sys-059-c2;sys-059-c3;sys-059-c4;sys-059-c5,success rate on 20 frozen probe tasks,0.1,-0.02,0.02,false,sys-059-c1;sys-059-c2;sys-059-not-listed,abstain,,cut: sys-059-c1;sys-059-c2;sys-059-not-listed
sys-900,other,,,,,,false,,,,
sys-901,other,,,,,,false,,,,
